{"cameraMode":{"drawMode":0,"name":"Shaded","section":"Shading Mode"},"sceneLighting":true,"audioPlay":false,"sceneViewState":{"showFog":false,"showMaterialUpdate":false,"showSkybox":false,"showFlares":false,"showImageEffects":true,"showParticleSystems":false},"in2DMode":false,"pivot":{"x":5.254086017608643,"y":0.04015636444091797,"z":-6.5345635414123539},"rotation":{"x":0.28244641423225405,"y":0.6706541776657105,"z":-0.3094508647918701,"w":0.6121208071708679},"size":9.223721504211426,"orthographic":false}