{"cameraMode":{"drawMode":0,"name":"Shaded","section":"Shading Mode"},"sceneLighting":true,"audioPlay":false,"sceneViewState":{"showFog":false,"showMaterialUpdate":false,"showSkybox":false,"showFlares":false,"showImageEffects":true,"showParticleSystems":false},"in2DMode":false,"pivot":{"x":4.903454780578613,"y":-3.274968147277832,"z":-5.317761421203613},"rotation":{"x":-0.5416513681411743,"y":0.04458644613623619,"z":-0.02878762036561966,"w":-0.838927149772644},"size":9.39897632598877,"orthographic":false}