{"cameraMode":{"drawMode":0,"name":"Shaded","section":"Shading Mode"},"sceneLighting":true,"audioPlay":false,"sceneViewState":{"showFog":false,"showMaterialUpdate":false,"showSkybox":false,"showFlares":false,"showImageEffects":true,"showParticleSystems":false},"in2DMode":false,"pivot":{"x":-71.79907989501953,"y":-169.33737182617188,"z":239.11175537109376},"rotation":{"x":-0.3024941682815552,"y":0.15156500041484834,"z":-0.048812463879585269,"w":-0.9398279190063477},"size":156.82275390625,"orthographic":false}