{"cameraMode":{"drawMode":0,"name":"Shaded","section":"Shading Mode"},"sceneLighting":true,"audioPlay":false,"sceneViewState":{"showFog":false,"showMaterialUpdate":false,"showSkybox":false,"showFlares":false,"showImageEffects":true,"showParticleSystems":false},"in2DMode":false,"pivot":{"x":3.4005393981933595,"y":-7.84150505065918,"z":-7.224325180053711},"rotation":{"x":0.43898460268974306,"y":0.0336778499186039,"z":-0.016464462503790857,"w":0.8977169394493103},"size":12.72346019744873,"orthographic":false}