{"cameraMode":{"drawMode":0,"name":"Shaded","section":"Shading Mode"},"sceneLighting":true,"audioPlay":false,"sceneViewState":{"showFog":false,"showMaterialUpdate":false,"showSkybox":false,"showFlares":false,"showImageEffects":true,"showParticleSystems":false},"in2DMode":false,"pivot":{"x":6.18526554107666,"y":-3.1358413696289064,"z":-8.018904685974121},"rotation":{"x":0.4282228648662567,"y":0.3216119408607483,"z":-0.16633401811122895,"w":0.8279687166213989},"size":11.7521390914917,"orthographic":false}