{"cameraMode":{"drawMode":0,"name":"Shaded","section":"Shading Mode"},"sceneLighting":true,"audioPlay":false,"sceneViewState":{"showFog":false,"showMaterialUpdate":false,"showSkybox":false,"showFlares":false,"showImageEffects":true,"showParticleSystems":false},"in2DMode":false,"pivot":{"x":5.58062744140625,"y":-0.0427398681640625,"z":-7.867931365966797},"rotation":{"x":0.3162785768508911,"y":0.6057609915733337,"z":-0.28503745794296267,"w":0.672145664691925},"size":16.34624671936035,"orthographic":false}